name,address,city,phone,phone_formatted,website,rating,reviews,latitude,longitude,lead_score,category,status,scraped_at,source
The Barbershop Premium - Casablanca,"Barbier · 3 Rue Bab Al Irfane
Ouvert · Ferme à 01:00",Casablanca,0661625110,+212661625110,https://thepremiumbarbershop.ma/,4.7,,,,90,Barbershop,OPERATIONAL,2026-06-29T13:37:45.730445,google_maps
The 99 Barbershop Casablanca,"Barbier ·  · 106 Rue Jounaïd
Ouvert · Ferme à 20:30",Casablanca,0522940650,0522940650,https://the99experience.com/,4.9,,,,90,Barbershop,OPERATIONAL,2026-06-29T13:37:45.730636,google_maps
Barber Shop Star Club,"Salon de coiffure · 16 Bd Abdellatif Ben Kaddour
Ouvert · Ferme à 01:00",Casablanca,060928410385,+21260928410385,https://myresa.ma/barberstarclub,4.9,,,,90,Barbershop,OPERATIONAL,2026-06-29T13:37:45.730751,google_maps
The First Barbershop maarif,"Barbier · 8 Rue Abou Abbas Sebti
Ouvert · Ferme à 23:00",Casablanca,0669619593,+212669619593,https://tr.ee/jQ_XQSbfut,4.8,,,,90,Barbershop,OPERATIONAL,2026-06-29T13:37:45.730786,google_maps
The BarberShop - Casablanca,"Barbier ·  · Angle Avenue Ahmed Charci Et Ali Abderrazzak Résidence Pavillon D’or
Ouvert · Ferme à 22:00",Casablanca,0673703737,+212673703737,https://www.kwipa.ma/casablanca/maarif/barber-shop-gentlemen-club,4.1,,,,90,Barbershop,OPERATIONAL,2026-06-29T13:37:45.730813,google_maps
The BARBER SHOP - CASABLANCA (STAR),"Barbier · 5 Rue Abou Zaid Addadoussi
Ouvert · Ferme à 22:00",Casablanca,0719914411026,+212719914411026,https://barberstarclub101.ma/reservation.php,4.8,,,,90,Barbershop,OPERATIONAL,2026-06-29T13:37:45.730886,google_maps
Barber shop casablanca COUPE KING ️ Barber shop Casablanca oulfa.The barbershop casablanca.La meilleure BarberShop,"Barbier · N, Sidi abderrahim quartier oulfa Rue 36 GH6
Ouvert · Ferme à 00:00",Casablanca,0713222324,+212713222324,https://instagram.com/coupe_king_casablanca?igshid=YmMyMTA2M2Y=,4.7,,,,90,Barbershop,OPERATIONAL,2026-06-29T13:37:45.730928,google_maps
Black Home Barber - Coiffeur Homme Casablanca,"Salon de coiffure · 2 Rue Ahmed El Mokri
Ouvert · Ferme à 22:00",Casablanca,0691994002,+212691994002,,4.8,,,,80,Barbershop,OPERATIONAL,2026-06-29T13:37:45.730973,google_maps
Fade O’clock,"Barbier · 88Rue des Écoles
Ouvert · Ferme à 21:30",Casablanca,061021293385,+21261021293385,https://fadeoclock.ma/,4.9,,,,90,Barbershop,OPERATIONAL,2026-06-29T13:37:45.730999,google_maps
Zero to one barbershop,"Salon de coiffure · 5 Av. Hassan Souktani
Ouvert · Ferme à 22:00",Casablanca,0673150040,+212673150040,,4.9,,,,80,Barbershop,OPERATIONAL,2026-06-29T13:37:45.731021,google_maps
Barber lounge by Anwar,"Barbier · Rue Taha Hussein
Ouvert · Ferme à 21:30",Casablanca,0520020305,0520020305,https://instagram.com/anwar_vip_barber_?igshid=658uvp0r8mpz,4.8,,,,90,Barbershop,OPERATIONAL,2026-06-29T13:37:45.731048,google_maps
Sabri stars barbershop,"Salon de coiffure ·  · Lot Hasnaa, Magasin A, N° 76 Rue Ennaim
Ouvert · Ferme à 23:30",Casablanca,0520567714,0520567714,,4.8,,,,80,Barbershop,OPERATIONAL,2026-06-29T13:37:45.731073,google_maps
L'artiste Barbershop,"Barbier · Rue Abou El Hassan Es-Séghir
Ouvert · Ferme à 22:00",Casablanca,0661305794,+212661305794,https://www.lartiste-barbershop.com/lartiste-barbershop-maarif,4.7,,,,90,Barbershop,OPERATIONAL,2026-06-29T13:37:45.731094,google_maps
Barber Lounge Maarif (by Anwar),"Barbier · 23 Rue Zaid Bnou Rifaa
Ouvert · Ferme à 21:30",Casablanca,0520112270,0520112270,https://instagram.com/anwar_vip_barber_?igshid=658uvp0r8mpz,4.9,,,,90,Barbershop,OPERATIONAL,2026-06-29T13:37:45.731150,google_maps
The House Elite barber,"Barbier · num 13, résidence living garden, Rue Abou Taour
Ouvert · Ferme à 22:00",Casablanca,0669610183,+212669610183,https://www.saloonix.com/s/the-house-elite-barber,4.9,,,,90,Barbershop,OPERATIONAL,2026-06-29T13:37:45.731230,google_maps
The barbershop-Casablanca,"Barbier ·  · etg m6, 4 rue charaf eddine ibn mata
Ouvert · Ferme à 23:00",Casablanca,+212614938989,+212614938989,http://wa.me/+212614938989,4.5,,,,90,Barbershop,OPERATIONAL,2026-06-29T13:37:45.731260,google_maps
Barbershop Yaqoub,"Barbier · Av. Abdelhamid Ben Badis
Ouvert · Ferme à 22:00",Casablanca,0666355549,+212666355549,,4.9,,,,80,Barbershop,OPERATIONAL,2026-06-29T13:37:45.731317,google_maps
The big boss barbershop Casablanca,"Barbier ·  · Rue Ennahas Annahoui
Ouvert · Ferme à 00:00",Casablanca,0612995923,+212612995923,https://r-thebigboss.netlify.app/,4.5,,,,90,Barbershop,OPERATIONAL,2026-06-29T13:37:45.731352,google_maps
Marbella Barber,"Barbier · 63 Boulevard Bir Anzarane, Casablanca 20000
Ouvert · Ferme à 21:00",Casablanca,0743158513209,+212743158513209,,4.5,,,,80,Barbershop,OPERATIONAL,2026-06-29T13:37:45.731377,google_maps
Breton Barbershop - coiffeur pour hommes et enfants,"Salon de coiffure · H972+6X9
Ouvert · Ferme à 22:00",Casablanca,0663116336,+212663116336,,4.9,133,,,90,Barbershop,OPERATIONAL,2026-06-29T13:37:45.731425,google_maps
Salon Le Mâle – Coiffure Homme Casablanca,"Barbier · 51, 53 Bd Oued Tensift
Ouvert · Ferme à 22:00",Casablanca,07380314556419,+2127380314556419,https://wa.me/212663089955,5.0,144,,,100,Barbershop,OPERATIONAL,2026-06-29T13:37:45.731456,google_maps
L'atelier de coiffure,"Salon de coiffure ·  · Maroc, Boulevard Bir Anzarane
Ouvert · Ferme à 17:00",Casablanca,0522941741,0522941741,https://app.reservio.com/#/calendar/agendaWeek/today/0/0/0/0,4.7,323,,,100,Barbershop,OPERATIONAL,2026-06-29T13:37:45.731484,google_maps
Les Maitres Barbiers Haj Fateh,"Salon de coiffure · N° 475, Lot Haj Fateh
Ouvert · Ferme à 23:00",Casablanca,0522911726,0522911726,https://www.les-maitres-barbiers.com/,4.7,87,,,100,Barbershop,OPERATIONAL,2026-06-29T13:37:45.731507,google_maps
"Beard club gentlemen's - Barbershop, Casablanca , salon de coiffure (Coiffeur) , Manucure homme, Pédicure, Soins visage homme","Salon de coiffure · 28 Rue Molière
Ouvert · Ferme à 21:00",Casablanca,0716951600,+212716951600,https://beardclubgentlemens.com/prendre-rdv/,3.9,33,,,90,Barbershop,OPERATIONAL,2026-06-29T13:37:45.731531,google_maps
NEO RETRO - Salon de coiffure - Homme & Enfant,"Salon de coiffure ·  · 371 Rte d'El Jadida
Ouvert · Ferme à 21:00",Casablanca,0522232322,0522232322,,4.5,145,,,90,Barbershop,OPERATIONAL,2026-06-29T13:37:45.731566,google_maps
Barber Simo Homme & Femme 🇲🇦,"Salon de coiffure ·  · N, 9 Rue Ibnou El Kotaiba
Ouvert · Ferme à 23:00",Casablanca,0660085064,+212660085064,,4.9,74,,,90,Barbershop,OPERATIONAL,2026-06-29T13:37:45.731589,google_maps
H&L Salon de Coiffure pour homme Casablanca,"Salon de coiffure · jamila 5 rue 67 n 19، Casablanca
Ouvert · Ferme à 23:00",Casablanca,0604323535,+212604323535,,4.7,29,,,85,Barbershop,OPERATIONAL,2026-06-29T13:37:45.731612,google_maps
Salon de Coiffure pour Hommes Casablanca Said,"Salon de coiffure ·  · Centre Ville, 18 Rue Gharnata
Ouvert · Ferme à 23:00",Casablanca,06717522416725,+2126717522416725,,4.4,16,,,82,Barbershop,OPERATIONAL,2026-06-29T13:37:45.731636,google_maps
MasterCoiff Barber – Coiffeur Homme Beauséjour,"Salon de coiffure · 120 Rue Annasrine
Ouvert · Ferme à 22:00",Casablanca,0661640664,+212661640664,,5.0,151,,,90,Barbershop,OPERATIONAL,2026-06-29T13:37:45.731659,google_maps
HAIRMANO MAROC,"Barbier · 3 Rue Molière
Ouvert · Ferme à 20:00",Casablanca,0678535386,+212678535386,https://instagram.com/hairmano_the_barber_est._1996?igshid=NTdlMDg3MTY=,5.0,101,,,100,Barbershop,OPERATIONAL,2026-06-29T13:37:45.731716,google_maps
Royal barber agdal rabat,"Barbier ·  · Rue Tansift
Ouvert · Ferme à 22:00",Rabat,0666566085,+212666566085,,5.0,142,,,90,Barbershop,OPERATIONAL,2026-06-29T13:37:45.731776,google_maps
Barber Shop Factory,"Barbier · 33°57'25.7""N 6°52'23.6""W
Ouvert · Ferme à 22:00",Rabat,0668688869,+212668688869,http://barbershopfactory.ma/,4.4,108,,,100,Barbershop,OPERATIONAL,2026-06-29T13:37:45.731940,google_maps
Barber Yahia Vip Coiffeur Homme Rabat,"Barbier ·  · Rue Alboulboul, 1162
Ouvert · Ferme à 22:00",Rabat,054226933604,054226933604,https://linktr.ee/barberyahia_vip,4.8,178,,,100,Barbershop,OPERATIONAL,2026-06-29T13:37:45.732005,google_maps
Jouri barbershop,"Barbier · Rue El Fassi
Ouvert · Ferme à 23:30",Rabat,0550088920,0550088920,https://instagram.com/youssef.jouri?igshid=MzRlODBiNWFlZA==,4.9,350,,,100,Barbershop,OPERATIONAL,2026-06-29T13:37:45.739790,google_maps
Barber shop YNS salon coiffure vip pour homme,"Salon de coiffure ·  · 366 E00M01, 445 Rue Al Hassoune
Ouvert · Ferme à 22:00",Rabat,0662626320,+212662626320,,4.7,235,,,90,Barbershop,OPERATIONAL,2026-06-29T13:37:45.740104,google_maps
Men’s club by zakibarber,"Barbier · Rue Toudgha
Ouvert · Ferme à 21:30",Rabat,0617763187,+212617763187,https://www.fresha.com/book-now/mens-club-pfb0j06p/all-offer?share=true&pId=2486296,4.9,92,,,100,Barbershop,OPERATIONAL,2026-06-29T13:37:45.740310,google_maps
Barber Shop The Prince - Coiffeur Homme Hay Riad,"Barbier · 1, Rue Arroz 313 Mag 11 (624) Riad
Ouvert · Ferme à 21:00",Rabat,0662840084,+212662840084,https://barbershoptheprince.netlify.app/contact,4.8,166,,,100,Barbershop,OPERATIONAL,2026-06-29T13:37:45.740445,google_maps
MajestyMan,"Barbier · Avenue Al Marinyin, Immeuble Marie Françoise, Av. Moulay Hassan
Ouvert · Ferme à 23:00",Rabat,07544351159607,+2127544351159607,,4.9,101,,,90,Barbershop,OPERATIONAL,2026-06-29T13:37:45.740478,google_maps
LE BARBIER de rabat,"Salon de coiffure · X42M+5QF Centre Commercial, Rue Arroz
Ouvert · Ferme à 21:00",Rabat,0635363679,+212635363679,,4.4,35,,,85,Barbershop,OPERATIONAL,2026-06-29T13:37:45.740499,google_maps
Tarik Barber,"Salon de coiffure · 377 Riad, Mag 10 Rue Al Kharoub
Ouvert · Ferme à 22:00",Rabat,0613506771,+212613506771,https://www.instagram.com/amine_elouani_barber?igsh=MTloYnNrdm1xaWlq,4.9,71,,,100,Barbershop,OPERATIONAL,2026-06-29T13:37:45.740632,google_maps
Barber shop COIN COIF salon coiffure vip pour homme,"Barbier · 537Rue, Rue Al Hassoune
Ouvert · Ferme à 22:00",Rabat,0770559860,+212770559860,,5.0,19,,,82,Barbershop,OPERATIONAL,2026-06-29T13:37:45.740684,google_maps
Twins coiffure,"Barbier · 78 Rue Oum Errabia
Ouvert · Ferme à 21:30",Rabat,0537675074,0537675074,,4.8,95,,,90,Barbershop,OPERATIONAL,2026-06-29T13:37:45.740779,google_maps
Space Coiff,"Salon de coiffure ·  · 40 Av. Patrice Lumumba
Ouvert · Ferme à 22:00",Rabat,0537201140,0537201140,https://linktr.ee/Space_Coiff,4.5,308,,,100,Barbershop,OPERATIONAL,2026-06-29T13:37:45.740829,google_maps
Barber Shop Youness,"Barbier · Compl 5 125, mosquée massira khadra, Cit, Mag 2 Amal 5
Ouvert · Ferme à 21:00",Rabat,0648245473,+212648245473,,4.8,27,,,85,Barbershop,OPERATIONAL,2026-06-29T13:37:45.740855,google_maps
PARIS BARBER,"Salon de coiffure ·  · Ryad al Andalous Prestigia 10000
Ouvert · Ferme à 22:00",Rabat,0537563958,0537563958,,3.5,82,,,85,Barbershop,OPERATIONAL,2026-06-29T13:37:45.741045,google_maps
Gentleman Coiffure - Barbershop Agdal Rabat,"Salon de coiffure · 5 Rue Tansift
Ouvert · Ferme à 21:30",Rabat,07979688179534,+2127979688179534,http://www.facebook.com/pg/gentlemancoiffure,4.0,99,,,100,Barbershop,OPERATIONAL,2026-06-29T13:37:45.741075,google_maps
Light House - Coiffeur Homme Rabat Agdal,"Barbier ·  · Immeuble 13 Numero, Magasin 2, Rue Oued Moulouya
Ouvert · Ferme à 23:00",Rabat,,,,4.6,69,,,70,Barbershop,OPERATIONAL,2026-06-29T13:37:45.741098,google_maps
Salon Coiffure Chez Rachid,"Barbier · 5 Rue Al Janaa
Ouvert · Ferme à 23:00",Rabat,0649257240,+212649257240,,4.5,75,,,90,Barbershop,OPERATIONAL,2026-06-29T13:37:45.741161,google_maps
Mr Cut - Coiffeur Homme Rabat Hay Riad,"Salon de coiffure · X46H+26J, Av. Annakhil
Ouvert · Ferme à 23:30",Rabat,05879549810251,05879549810251,https://www.instagram.com/mr_cut_hayriyad?igsh=MmtxdWI3OWE1dTM3,4.2,116,,,100,Barbershop,OPERATIONAL,2026-06-29T13:37:45.741187,google_maps
Salon Said,"Barbier · Rue al Hind, kebibate
Ouvert · Ferme à 22:00",Rabat,0662883520,+212662883520,https://app.aio360.ma/beaute-bien-etre/coiffure-homme-entretien-barbe/barbershop/rabat/salon-said/,5.0,66,,,100,Barbershop,OPERATIONAL,2026-06-29T13:37:45.741266,google_maps
Coiffure Anfa pour hommes barbershop,"Salon de coiffure ·  · 1001 Av. des Forces Armées Royales
Ouvert · Ferme à 22:00",Rabat,06600607224162,+2126600607224162,,4.4,94,,,90,Barbershop,OPERATIONAL,2026-06-29T13:37:45.741386,google_maps
Salon Ibrahimi,"Salon de coiffure ·  · 335 Av. Hassan II
Ouvert · Ferme à 22:00",Rabat,0666690668,+212666690668,https://ibrahimi.ma/,4.8,774,,,100,Barbershop,OPERATIONAL,2026-06-29T13:37:45.741423,google_maps
Salon de coiffure pour hommes,"Salon de coiffure · 10 Rue Al Marj
Ouvert · Ferme à 21:00",Rabat,0537706794,0537706794,,5.0,19,,,82,Barbershop,OPERATIONAL,2026-06-29T13:37:45.741487,google_maps
Salon de Coiffure Agdal,"Salon de coiffure ·  · Appt1, 4 Rue Toudgha
Ouvert · Ferme à 21:00",Rabat,063444108739,+21263444108739,,5.0,525,,,90,Barbershop,OPERATIONAL,2026-06-29T13:37:45.744771,google_maps
Ishak bernichi,"Salon de coiffure ·  · numéro 2 Appartement 39, résidence nezha, Angle, Avenue, Mohamed, Benabdallah et, angle Rue Rais Marcil
Ouvert 24h/24",Rabat,0693880095,+212693880095,https://wa.me/212693880095,4.4,150,,,100,Barbershop,OPERATIONAL,2026-06-29T13:37:45.744829,google_maps
Prestige La Capitale - Coiffeur Homme Rabat Agdal,"Salon de coiffure · 6 Rue Oum Errabia
Ouvert · Ferme à 23:00",Rabat,0537681843,0537681843,https://prestigelacapital.netlify.app/prestations,4.9,152,,,100,Barbershop,OPERATIONAL,2026-06-29T13:37:45.744861,google_maps
L'adresse pour lui,"Salon de coiffure ·  · 5 Rue Oued Daraa
Ouvert · Ferme à 21:00",Rabat,0537770951,0537770951,,4.4,132,,,90,Barbershop,OPERATIONAL,2026-06-29T13:37:45.744930,google_maps
The M Barbershop,"Barbier ·  · Place du 16 Novembre
Ouvert · Ferme à 23:00",Marrakech,06869523283737,+2126869523283737,,4.9,473,,,90,Barbershop,OPERATIONAL,2026-06-29T13:37:45.744993,google_maps
Barber night - barber shop à Marrakech,"Salon de coiffure ·  · Avenu Bd, Mohamed V, ongle Rue de Imam Ali
Ouvert · Ferme à 02:00",Marrakech,0536387849065,0536387849065,http://barbershopmarrakech.com/,4.8,304,,,100,Barbershop,OPERATIONAL,2026-06-29T13:37:45.745069,google_maps
Studio 23 Barbershop Marrakech - Guéliz,"Barbier · JXPR+RX8
Ouvert · Ferme à 21:00",Marrakech,07716797476131,+2127716797476131,https://wa.me/212700651679,5.0,270,,,100,Barbershop,OPERATIONAL,2026-06-29T13:37:45.745133,google_maps
Barber shop Marrakesh CHAFNI,"Salon de coiffure · vers le marché couvert, KECH HAMMAM SPA - CHAFNI Barber, Av. Achatibi
Ouvert 24h/24",Marrakech,0645245044,+212645245044,http://barbermarrakech.com/,4.9,285,,,100,Barbershop,OPERATIONAL,2026-06-29T13:37:45.745163,google_maps
NEW LOOK - Barbershop,"Barbier · n 3, magasin, Résidence Wiam, Rue Sourya
Ouvert · Ferme à 23:00",Marrakech,0555882954455,0555882954455,,5.0,75,,,90,Barbershop,OPERATIONAL,2026-06-29T13:37:45.745188,google_maps
Barbershop CALIFORNIA,"Barbier · Douar bouchareb
Ouvert · Ferme à 21:30",Marrakech,0656739363,+212656739363,,4.9,61,,,90,Barbershop,OPERATIONAL,2026-06-29T13:37:45.745212,google_maps
The Best Barber - Salon de Coiffure & Barber Shop Marrakech,"Barbier ·  · H2V6+9PR
Ouvert · Ferme à 23:00",Marrakech,0603075876,+212603075876,https://linktr.ee/TheBestBarberShopMarrakech,4.9,592,,,100,Barbershop,OPERATIONAL,2026-06-29T13:37:45.745264,google_maps
Infinity Barber Marrakech,"Barbier · 29 Rue Ibn Aïcha
Ouvert · Ferme à 22:00",Marrakech,0707321484,+212707321484,https://www.infinitybarber.ma/,4.7,288,,,100,Barbershop,OPERATIONAL,2026-06-29T13:37:45.745292,google_maps
The BarberShop - Movenpick,"Barbier · Boulevard Mohamed VI
Ouvert · Ferme à 22:00",Marrakech,0523542944503,0523542944503,http://www.thebarbershop.ma/,4.9,45,,,95,Barbershop,OPERATIONAL,2026-06-29T13:37:45.745317,google_maps
Private Barber Marrakech,"Barbier · Immeuble 23, Av. Yacoub El Mansour
Ouvert · Ferme à 22:00",Marrakech,0660712122,+212660712122,https://www.fresha.com/book-now/private-barber-marrakech-lqfo44je/all-offer?share=true&pId=1450865,4.9,295,,,100,Barbershop,OPERATIONAL,2026-06-29T13:37:45.745375,google_maps
Barber Village Marrakech,"Salon de coiffure ·  · Prestigia village Mall, 32 Bd Mohamed VI
Ouvert · Ferme à 22:00",Marrakech,0665144200,+212665144200,https://barbervillagemarrakech.com/,4.9,252,,,100,Barbershop,OPERATIONAL,2026-06-29T13:37:45.745415,google_maps
235th Barber Street Marrakech,"Barbier ·  · V Et, Angle Mohamed, Résidence Batoul, dans la cour, 39 Rue Mohammed el Beqal
Ouvert · Ferme à 23:00",Marrakech,06032341771694,+2126032341771694,https://dikidi.net/1666668,4.8,171,,,100,Barbershop,OPERATIONAL,2026-06-29T13:37:45.754957,google_maps
Barbier à Marrakech - Man's Beard,"Barbier ·  · M avenue L114, Av. de la Ménara
Ouvert · Ferme à 22:00",Marrakech,0707230097,+212707230097,https://www.mansbeard.ma/wp-content/uploads/2023/10/Tarifs_2023.pdf,4.6,1072,,,100,Barbershop,OPERATIONAL,2026-06-29T13:37:45.755039,google_maps
Omar barber shop,"Barbier ·  · Avenue khalid, mag 133 ibn oualid
Ouvert · Ferme à 22:00",Marrakech,056926776847,056926776847,https://instagram.com/omar_barber_shop16?igshid=MzRlODBiNWFlZA==,5.0,1731,,,100,Barbershop,OPERATIONAL,2026-06-29T13:37:45.755068,google_maps
The BarberShop Marrakech,"Barbier · Boulevard Mohamed VI, Menara Mall
Ouvert · Ferme à 22:00",Marrakech,0623501616,+212623501616,http://www.thebarbershop.ma/,4.0,137,,,100,Barbershop,OPERATIONAL,2026-06-29T13:37:45.755124,google_maps
Barber Shop Mehdi l Barber Shop Marrakech,"Salon de coiffure · Magasin 2, Hay charaf al manar 3 RDC
Ouvert · Ferme à 02:00",Marrakech,0625615119,+212625615119,,4.9,114,,,90,Barbershop,OPERATIONAL,2026-06-29T13:37:45.755158,google_maps
NY CUT & COST Barber shop,"Barbier · GH4-O RÉSIDENCE MENARA GARDEN MAG 3
Ouvert · Ferme à 00:00",Marrakech,0620291623,+212620291623,,4.9,65,,,90,Barbershop,OPERATIONAL,2026-06-29T13:37:45.755185,google_maps
Rachid barbier shop,"Barbier · 189 SOUIKA SIDI LAHCEN OUALI
Ouvert · Ferme à 23:00",Marrakech,0703928718,+212703928718,,4.9,160,,,90,Barbershop,OPERATIONAL,2026-06-29T13:37:45.755228,google_maps
The BarberShop - Carre Eden,"Barbier ·  · Carré Eden, Av Mohammed V NIVEAU -1, Centre commercial Carré Eden, Avenue Mohamed V, 40000
Ouvert · Ferme à 22:00",Marrakech,052089245199,052089245199,,4.2,96,,,90,Barbershop,OPERATIONAL,2026-06-29T13:37:45.755251,google_maps
GATSBY BARBER GUELIZ salon de coiffure homme,"Salon de coiffure ·  · Victor Hugo (à côté du café La Flamme, Résidence Tissot, Avenue de la, Av. 4ème D.M.M.
Ouvert · Ferme à 01:00",Marrakech,0796649327,+212796649327,https://gatsbybarbershop.com/index.php/services/,4.8,453,,,100,Barbershop,OPERATIONAL,2026-06-29T13:37:45.755520,google_maps
"OZAR (Lawest) - Salon de coiffure, barber dégradé à l'américaine, taper & coupe Afro | Coiffeur Brushing Femme & Nails","Salon de coiffure · palace B, Av. Hassan II
Ouvert · Ferme à 00:00",Marrakech,0660284345,+212660284345,http://ozar.ma/,4.9,479,,,100,Barbershop,OPERATIONAL,2026-06-29T13:37:45.755619,google_maps
Barber Club Marrakech,"Salon de coiffure · 232 Av. Mohammed V
Ouvert · Ferme à 00:00",Marrakech,05632422940,05632422940,,4.1,56,,,90,Barbershop,OPERATIONAL,2026-06-29T13:37:45.755729,google_maps
Hairstyle Marrakech,"Barbier · Jemaa el-Fna, 40000 12 Rue Bani Marine
Ouvert · Ferme à 00:00",Marrakech,0608007111,+212608007111,,4.9,538,,,90,Barbershop,OPERATIONAL,2026-06-29T13:37:45.756045,google_maps
Coiffeur pour homme - Man's Beard Hivernage,"Salon de coiffure · Rue Haroun Errachid
Ouvert · Ferme à 22:00",Marrakech,0693140817079,+212693140817079,https://www.mansbeard.ma/wp-content/uploads/2023/10/Tarifs_2023.pdf,4.8,201,,,100,Barbershop,OPERATIONAL,2026-06-29T13:37:45.756094,google_maps
Brasco barbershop,"Salon de coiffure · residence almasjid, 3, MAG 4 Rue Hassania
Ouvert · Ferme à 22:00",Marrakech,0650983004,+212650983004,,4.7,61,,,90,Barbershop,OPERATIONAL,2026-06-29T13:37:45.756123,google_maps
Zine O'zine Salon & SPA Marrakech,"Salon de coiffure · Résidence yasmine, N°6 Av. Yacoub El Marini
Ouvert · Ferme à 20:00",Marrakech,06857953012671,+2126857953012671,https://www.zineozine.com/tarifs/,4.5,565,,,100,Barbershop,OPERATIONAL,2026-06-29T13:37:45.756145,google_maps
Skills Marrakech,"Salon de coiffure ·  · 251 Av. Mohammed V
Ouvert · Ferme à 02:00",Marrakech,0518160628305,0518160628305,https://skillsmarrakech.com/,4.7,797,,,100,Barbershop,OPERATIONAL,2026-06-29T13:37:45.756173,google_maps
CUT N SHAVE by Issam,"Salon de coiffure ·  · Unnamed Road
Ouvert · Ferme à 00:00",Marrakech,0614647073,+212614647073,https://cutnshavebyissam.com/#reservation,4.9,135,,,100,Barbershop,OPERATIONAL,2026-06-29T13:37:45.756197,google_maps
The Brothers Barbershop 1,"Salon de coiffure ·  · Residence ismail Magasin 1 champ cours
Ouvert · Ferme à 22:00 · 05 32 05 44 21",Fes,0547304464,0547304464,http://barbershopfes.wixsite.com/thebrothers,4.9,526,,,100,Barbershop,OPERATIONAL,2026-06-29T13:37:45.756285,google_maps
barber shop BIGOOU Fès,"Salon de coiffure ·  · 913, lot karaouyen Ain chkf
Ouvert · Ferme à 02:00 · 06 64 32 11 06",Fes,0552549396,0552549396,https://bigoou.com/nos-packs/,4.9,759,,,100,Barbershop,OPERATIONAL,2026-06-29T13:37:45.757327,google_maps
THE COUSINS BARBERSHOP,"Barbier · lotissement sinour champs de course
Ouvert · Ferme à 22:00 · 06 56 47 12 31",Fes,0558332446,0558332446,,4.9,96,,,90,Barbershop,OPERATIONAL,2026-06-29T13:37:45.757406,google_maps
Barber Shop Krimo,"Barbier ·  · 3 01108, 884 lot karaouyen rte a.Chkef, magasin
Ouvert · Ferme à 23:00 · 06 61 23 45 96",Fes,0563262691,0563262691,,4.9,467,,,90,Barbershop,OPERATIONAL,2026-06-29T13:37:45.757444,google_maps
The Brothers Barbershop 2,"Salon de coiffure ·  · MAGASIN 1, 17 Rue ABOU, Rue Abi Bakr Zniber
Ouvert · Ferme à 22:00 · 06 17 21 01 51",Fes,0568039340,0568039340,,4.8,181,,,90,Barbershop,OPERATIONAL,2026-06-29T13:37:45.757466,google_maps
The GOAT barbershop,"Barbier · MAGASIN 5, 3, secteur 0107 RTE IMOUZER
Ouvert · Ferme à 23:30 · 06 27 09 04 04",Fes,0572695469,0572695469,,5.0,65,,,90,Barbershop,OPERATIONAL,2026-06-29T13:37:45.757487,google_maps
Ali BARBER Shop,"Salon de coiffure · 43 A lot Riad Yassamin R.A Chef mag 1
Ouvert · Ferme à 00:00 · 06 58 55 85 64",Fes,0577672895,0577672895,,5.0,384,,,90,Barbershop,OPERATIONAL,2026-06-29T13:37:45.757506,google_maps
The Uno Barber’s,"Barbier · Lotissement 18 wafaa, route imouzzar
Ouvert · Ferme à 00:00 · 06 69 93 66 38",Fes,0582724769,0582724769,https://www.bmsystem.es/bms/the-uno-barber%C2%B4s,4.9,49,,,95,Barbershop,OPERATIONAL,2026-06-29T13:37:45.757527,google_maps
Barbershop salah,"Salon de coiffure · 1 dakarrat, Lots zineb
Ouvert · Ferme à 23:00 · 06 74 89 84 51",Fes,0587728220,0587728220,,5.0,75,,,90,Barbershop,OPERATIONAL,2026-06-29T13:37:45.757550,google_maps
Barbershop IL VERO,"Salon de coiffure · XXWQ+JV
Ouvert · Ferme à 23:00 · 06 04 95 37 90",Fes,0592523974,0592523974,https://www.instagram.com/il_vero_barbershop?igsh=bXZjM3Zhbnkzb3Fh&utm_source=qr,4.8,44,,,95,Barbershop,OPERATIONAL,2026-06-29T13:37:45.757617,google_maps
The prestige barbershop,"Salon de coiffure
Ouvert · Ferme à 21:30 · 06 41 98 18 03",Fes,0599007008,0599007008,https://instagram.com/the_prestige_barbershop?igshid=OGQ2MjdiOTE=,4.8,28,,,95,Barbershop,OPERATIONAL,2026-06-29T13:37:45.757675,google_maps
BARBER FES,"Barbier
Ouvert 24h/24 · 06 60 18 15 40",Fes,0606275199,+212606275199,,4.8,35,,,85,Barbershop,OPERATIONAL,2026-06-29T13:37:45.757736,google_maps
IBRA'S KINGDOM,"Barbier · 3 av ibn atir
Ouvert 24h/24 · 06 99 70 52 12",Fes,0611248856,+212611248856,,4.9,89,,,90,Barbershop,OPERATIONAL,2026-06-29T13:37:45.757920,google_maps
The Barber Shop : MISTER BARBER,"Salon de coiffure · 10 Av. Moulay Hicham
Ouvert · Ferme à 22:00 · 07 01 30 58 86",Fes,0616227898,+212616227898,,4.4,50,,,90,Barbershop,OPERATIONAL,2026-06-29T13:37:45.757964,google_maps
MUSE - Maison de beauté - Fès,"Salon de coiffure · Résidence Nour, Av. Abderahman Ben El Korchi Rue Abi Moussa Al Achaari, N1
Ouvert · Ferme à 20:00",Fes,0635461483,+212635461483,https://linktr.ee/Musebeautyfes,4.9,351,,,100,Barbershop,OPERATIONAL,2026-06-29T13:37:45.757990,google_maps
BARBER NACHIT FES,"Salon de coiffure · Av.de la mer rouge Avenune la، 761 Av. de la Mer Rouge
Ouvert · Ferme à 22:00",Fes,0654967382,+212654967382,https://www.instagram.com/_barber_nachit_?igsh=aXM4OTBuaWFndmdt,5.0,75,,,100,Barbershop,OPERATIONAL,2026-06-29T13:37:45.758017,google_maps
Barberyazidjamil,"Salon de coiffure
Ouvert · Ferme à 23:30",Fes,0679282524,+212679282524,,4.9,63,,,90,Barbershop,OPERATIONAL,2026-06-29T13:37:45.761284,google_maps
Salon Royal De Coiffure,"Salon de coiffure · 14, Maga 30000, secteur 1010 Rue de la poste
Ouvert · Ferme à 22:30",Fes,0683883319,+212683883319,,5.0,126,,,90,Barbershop,OPERATIONAL,2026-06-29T13:37:45.761973,google_maps
coup'ART,"Salon de coiffure · Hay read ezzaitoune, Ain chkf
Ouvert · Ferme à 21:00",Fes,0688686295,+212688686295,https://www.instagram.com/coupart.bysimo,5.0,87,,,100,Barbershop,OPERATIONAL,2026-06-29T13:37:45.762028,google_maps
THE BEST BARBER,"Salon de coiffure · n, 256 lot hiba
Ouvert · Ferme à 22:30",Fes,0693574465,+212693574465,,5.0,22,,,85,Barbershop,OPERATIONAL,2026-06-29T13:37:45.762053,google_maps
Coiffeur hommes et femmes chez mouhcine,"Salon de coiffure · R. Lalla Soukaina
Ouvert · Ferme à 22:00",Fes,0703133299,+212703133299,,5.0,21,,,85,Barbershop,OPERATIONAL,2026-06-29T13:37:45.762076,google_maps
BLOSSOM Beauty Lounge,"Salon de coiffure ·  · N°6, Rue Matrane Khalil Matrane
Ouvert · Ferme à 20:00",Fes,0707875218,+212707875218,,4.2,103,,,90,Barbershop,OPERATIONAL,2026-06-29T13:37:45.762099,google_maps
Belle Femme,"Salon de coiffure · Av. Omar Ibnou Khattab
Ouvert · Ferme à 20:30",Fes,0713278682,+212713278682,,4.7,116,,,90,Barbershop,OPERATIONAL,2026-06-29T13:37:45.762127,google_maps
BARBER BIGBOSS,"Barbier · In front of New Relax coffee, Av. Ibn El Atir
Ouvert · Ferme à 01:00",Fes,0780883048,+212780883048,http://bit.ly/booking-barberbigboss-...,4.9,92,,,100,Barbershop,OPERATIONAL,2026-06-29T13:37:45.762197,google_maps
Coiffure du Monde,"Salon de coiffure · 2XPX+589, Rue Ahmed Chaouki
Ouvert · Ferme à 19:00",Fes,0535731824,0535731824,,4.4,75,,,90,Barbershop,OPERATIONAL,2026-06-29T13:37:45.762233,google_maps
Expert Barber Shop Tanger - Salon Coiffure - خبير الحلاقة,"Barbier ·  · à l'intérieur de Mall, Socco Alto, Av. Banafsaj, Rte California
Ouvert · Ferme à 22:00",Tangier,0661211413,+212661211413,https://www.barbershoptanger.ma/,4.8,419,,,100,Barbershop,OPERATIONAL,2026-06-29T13:37:45.762260,google_maps
El-Hassani Barbershop,"Barbier ·  · Rue de la Kasbah
Ouvert · Ferme à 00:00",Tangier,0639723008,+212639723008,https://www.instagram.com/yassinhsn?igsh=eGVsM28wY2R1bTdy&utm_source=qr,5.0,1272,,,100,Barbershop,OPERATIONAL,2026-06-29T13:37:45.762371,google_maps
Relax Barbershop et Tanger,"Salon de coiffure · Rue Lafayette
Ouvert · Ferme à 00:30",Tangier,0531292437,0531292437,,4.5,57,,,90,Barbershop,OPERATIONAL,2026-06-29T13:37:45.762406,google_maps
Barber Shop Maldives,"Salon de coiffure · n, 63 Rue Sidi Bouabid
Ouvert 24h/24",Tangier,0777175734,+212777175734,https://wa.me/212777175734,5.0,91,,,100,Barbershop,OPERATIONAL,2026-06-29T13:37:45.762464,google_maps
Vintage Barber Shop,"Barbier ·  · Av. Abi Jarir Attabari
Ouvert · Ferme à 23:00",Tangier,05907739974991,05907739974991,https://www.tiktok.com/@vintagebarbershop0?_t=8cv6pEUHAZC&_r=1,4.3,185,,,100,Barbershop,OPERATIONAL,2026-06-29T13:37:45.762497,google_maps
KOXYOS Barbershop,"Salon de coiffure · Rue Jamal Eddine Al Afghani
Ouvert 24h/24",Tangier,0614008408,+212614008408,,4.8,377,,,90,Barbershop,OPERATIONAL,2026-06-29T13:37:45.762569,google_maps
VIP Barber Nasar,"Barbier · 48 Bd Pasteur
Ouvert · Ferme à 04:00",Tangier,0696426797,+212696426797,https://www.instagram.com/vip_barber_nasar?igsh=MTI3dHYydzduY3AzOA==,4.7,222,,,100,Barbershop,OPERATIONAL,2026-06-29T13:37:45.762627,google_maps
MS Barbershop,"Barbier · 42 Rue Al Mansour Eddahbi
Ouvert · Ferme à 00:00",Tangier,061441120817,+21261441120817,,4.9,74,,,90,Barbershop,OPERATIONAL,2026-06-29T13:37:45.762710,google_maps
barber anouar,"Barbier · Rue Lokous
Ouvert · Ferme à 23:30",Tangier,0691032180,+212691032180,https://www.instagram.com/barberanuar/,5.0,370,,,100,Barbershop,OPERATIONAL,2026-06-29T13:37:45.762841,google_maps
Barber A Domicile Tanger,"Barbier · Rue Canada
Ouvert 24h/24",Tangier,0688075797,+212688075797,,5.0,23,,,85,Barbershop,OPERATIONAL,2026-06-29T13:37:45.762932,google_maps
Grand Barbershop,"Salon de coiffure · Rue Yemen
Ouvert · Ferme à 23:00",Tangier,0696290641,+212696290641,,5.0,8,,,82,Barbershop,OPERATIONAL,2026-06-29T13:37:45.762956,google_maps
Slassi Barber Shop,"Barbier · 1Rue 129 BEN KIRAN 1Q.BEN KIRAN1LOK.DTE
Ouvert · Ferme à 23:30",Tangier,063199221357,+21263199221357,https://wa.me/qr/ARLRJHUW5TKJM1,5.0,74,,,100,Barbershop,OPERATIONAL,2026-06-29T13:37:45.762976,google_maps
Neptune Barber,"Barbier · P5X4+GHJ
Ouvert · Ferme à 01:00",Tangier,07444706823816,+2127444706823816,,4.3,83,,,90,Barbershop,OPERATIONAL,2026-06-29T13:37:45.763039,google_maps
BARBERSHOP SHIRAZ1,"Barbier · Rue de Fès
Ouvert · Ferme à 00:00",Tangier,0614770472,+212614770472,,4.7,16,,,82,Barbershop,OPERATIONAL,2026-06-29T13:37:45.763075,google_maps
Barbershop Puerto Marina,"Salon de coiffure ·  · 4 Res,Bennis B-Rue Immam Sihnoun Place Mozart
Fermé · Ouvre à 11:00 mar.",Tangier,06661964086119,+2126661964086119,,4.9,21,,,85,Barbershop,OPERATIONAL,2026-06-29T13:37:45.763095,google_maps
El Badiri Barber Shop صالون البديري للحلاقة,"Barbier · شارع المملكة العربية السعودية أهلا طنجة المغرب, أهلا وراء البنك التجاري
Ouvert · Ferme à 01:00",Tangier,0619131896,+212619131896,https://wa.me/212619131896,4.9,52,,,100,Barbershop,OPERATIONAL,2026-06-29T13:37:45.763131,google_maps
BARBER DINAR YOUSSEF,"Salon de coiffure · N, 34 Rue Zerktouni
Ouvert · Ferme à 02:00",Tangier,0770318152,+212770318152,https://www.instagram.com/barbero_dinar_youssef?igsh=MXE2amdpNXgwaWZzcw%3D%3D&utm_source=qr,5.0,11,,,92,Barbershop,OPERATIONAL,2026-06-29T13:37:45.763160,google_maps
Barbershop Coffee,"Salon de coiffure · Place des nations, résidence Attajmile, R.D.C Numéro 2A
Ouvert · Ferme à 22:00",Tangier,05635480409670,05635480409670,https://www.facebook.com/103181991539209/,4.4,14,,,92,Barbershop,OPERATIONAL,2026-06-29T13:37:45.763185,google_maps
Mohesin choulli KING VIP BARBIER,"Barbier · salon barbier MOHSIN CHOULLI KING, Tanger Marjane. Restaurant walid
Ouvert · Ferme à 02:30",Tangier,0638595710,+212638595710,,4.8,23,,,85,Barbershop,OPERATIONAL,2026-06-29T13:37:45.763274,google_maps
Barbershop Guerma,"Salon de coiffure ·  · Rue Tiflet
Ouvert · Ferme à 23:00",Tangier,0602030408,+212602030408,,5.0,25,,,85,Barbershop,OPERATIONAL,2026-06-29T13:37:45.763296,google_maps
Golden Hair Coiffure,"Salon de coiffure · Av. Omar Ibn Al Khattab
Ouvert · Ferme à 23:00",Tangier,07072687562740,+2127072687562740,,4.7,49,,,85,Barbershop,OPERATIONAL,2026-06-29T13:37:45.763318,google_maps
Star One Beauty,"Salon de coiffure · M 2, LOT RIAD, 51 Rue ACH EL ATTAOUI
Ouvert · Ferme à 21:00",Tangier,05024362816690,05024362816690,,4.5,181,,,90,Barbershop,OPERATIONAL,2026-06-29T13:37:45.763364,google_maps
Salon Coiffure Amine,"Salon de coiffure ·  · 1er etage Centre commercial vienna bd mexique
Ouvert · Ferme à 22:00",Tangier,0679217095,+212679217095,https://salon-coiffure-massage-tanger.business.site/,4.5,78,,,100,Barbershop,OPERATIONAL,2026-06-29T13:37:45.763398,google_maps
"Elegance Coiffure | Salon de Beauté, Balayage & Blond Expert – Tanger ✨","Salon de coiffure ·  · n 68, 68 Rue omar alhas, Rue Amr Ibn Al Ass
Ouvert · Ferme à 22:00",Tangier,0690321216,+212690321216,https://elegance.chezsimo.com/nos-tarifs/,4.5,210,,,100,Barbershop,OPERATIONAL,2026-06-29T13:37:45.763423,google_maps
Coiffure Hommes Tanger - FB Salon,"Barbier · Q6G2+5H4, Bd de New York
Ouvert · Ferme à 02:00",Tangier,0728211746,+212728211746,,5.0,5,,,82,Barbershop,OPERATIONAL,2026-06-29T13:37:45.763446,google_maps
Lady’s Only - Meilleur Centre de Beauté à Tanger - Salon de coiffure 100% Femme مركز خاص بتجميل النساء والعرائس,"Institut de beauté ·  · Résidence santa Clara, Jibraltar, 8 Rue El Kindi
Ouvert · Ferme à 21:00",Tangier,05238362206185,05238362206185,https://book.ladysonly.ma/,4.8,789,,,100,Barbershop,OPERATIONAL,2026-06-29T13:37:45.763464,google_maps
Salon de Coiffure Warda,"Salon de coiffure ·  · villa Hasna, Avenue Sidi Boukhari, n2
Ouvert · Ferme à 21:00",Tangier,0617958984,+212617958984,https://wa.me/212617958984,4.9,328,,,100,Barbershop,OPERATIONAL,2026-06-29T13:37:45.768878,google_maps
L'instant Paris,"Centre de bien-être · CENTRE NREA, 183 ANGLE AVENUE PRINCE HERITIER RUE ABOU JARIR TABARI RES COFITSA LOCAL N 07 TANGER
Ouvert · Ferme à 21:00",Tangier,07882079360874,+2127882079360874,,4.8,43,,,85,Barbershop,OPERATIONAL,2026-06-29T13:37:45.768969,google_maps
Blanco,"Salon de coiffure ·  · Et.RDC Ap.5, 42 Rue Al Mansour Eddahbi
Ouvert · Ferme à 23:00",Tangier,0781523376,+212781523376,,4.6,41,,,85,Barbershop,OPERATIONAL,2026-06-29T13:37:45.769001,google_maps
Palomino,"Salon de coiffure ·  · 17 A rue Moussa Ibn Noussair
Ouvert · Ferme à 21:00",Tangier,0539323352,0539323352,,4.1,268,,,90,Barbershop,OPERATIONAL,2026-06-29T13:37:45.769024,google_maps
Coiffure Homme Elegance Tanger,"Salon de coiffure · Q5GV+HX8, Rue Abi Dardae
Ouvert · Ferme à 23:00",Tangier,0665390640,+212665390640,,3.8,25,,,80,Barbershop,OPERATIONAL,2026-06-29T13:37:45.769048,google_maps
Man's cave,Salon de coiffure ·  · Av. Al Qods,Tangier,0668651162,+212668651162,,4.7,34,,,85,Barbershop,OPERATIONAL,2026-06-29T13:37:45.769130,google_maps
Bogos Land - Barbershop & Hammam Turc,"Barbier · ET. RDC AP 05, RES MONCEF R AGADIR, 5
Ouvert · Ferme à 00:00",Tangier,0531088860,0531088860,https://bogosland.com/reservation/,4.4,59,,,100,Barbershop,OPERATIONAL,2026-06-29T13:37:45.769364,google_maps
Barber boom tanger,"Barbier · Tanger, Drisiya, Masjid idris al awal
Ouvert · Ferme à 22:30",Tangier,067240480225,+21267240480225,https://campsite.bio/boom_barber?qrcode=63f8abd8d06d1c16c01221bd,4.8,37,,,95,Barbershop,OPERATIONAL,2026-06-29T13:37:45.769411,google_maps
Othman's Barber Shop,"Salon de coiffure · Q5FM+592
Fermé · Ouvre à 10:00 mar.",Tangier,0675942804,+212675942804,,4.9,59,,,90,Barbershop,OPERATIONAL,2026-06-29T13:37:45.769483,google_maps
Gold Cut Barbershop Agadir,"Salon de coiffure ·  · Gold Cut, complexe souss, Rue des Souks
Ouvert · Ferme à 00:00",Agadir,0642297310,+212642297310,,4.9,681,,,90,Barbershop,OPERATIONAL,2026-06-29T13:37:45.769553,google_maps
Perrone barbershop Agadir,"Barbier · CCH4+6X8 Port 10
Ouvert · Ferme à 23:00",Agadir,0640394545,+212640394545,,5.0,156,,,90,Barbershop,OPERATIONAL,2026-06-29T13:37:45.769593,google_maps
The art of barber shop,"Salon de coiffure ·  · Boulevard Mohamed 5
Ouvert · Ferme à 00:00",Agadir,0674163562,+212674163562,https://linktr.ee/hititi,4.9,578,,,100,Barbershop,OPERATIONAL,2026-06-29T13:37:45.769619,google_maps
Notorious barbershop agadir,"Barbier · Centre De Sante, Av. 29 Fev
Ouvert · Ferme à 22:00",Agadir,0621638165,+212621638165,,4.8,446,,,90,Barbershop,OPERATIONAL,2026-06-29T13:37:45.769649,google_maps
BarberClub Agadir💈 🇲🇦,"Barbier · Barberclub Agadir, Ave du 29 Fevrier
Ouvert · Ferme à 22:00",Agadir,0609708775,+212609708775,,5.0,529,,,90,Barbershop,OPERATIONAL,2026-06-29T13:37:45.769678,google_maps
The Barber Shop Agadir,"Salon de coiffure ·  · Rue Aglou
Ouvert · Ferme à 02:00",Agadir,0632414145,+212632414145,https://thebarbershopagadir.com/,4.8,375,,,100,Barbershop,OPERATIONAL,2026-06-29T13:37:45.769702,google_maps
alpha the barbershop agadir,"Salon de coiffure · Av. Des Forces Armees Royales
Ouvert · Ferme à 00:00",Agadir,0661203515,+212661203515,,4.4,102,,,90,Barbershop,OPERATIONAL,2026-06-29T13:37:45.769752,google_maps
maestro barber agadir,"Barbier · 36 Avenue Khalid Ibn Oualid
Ouvert · Ferme à 22:30",Agadir,0529815589,0529815589,https://m.facebook.com/profile.php?mibextid=LQQJ4d,4.9,175,,,100,Barbershop,OPERATIONAL,2026-06-29T13:37:45.769788,google_maps
The VIP Barbershop,"Barbier ·  · Rue Al Wahda Al Watanya
Ouvert · Ferme à 23:00",Agadir,0627364367,+212627364367,,4.9,49,,,85,Barbershop,OPERATIONAL,2026-06-29T13:37:45.769815,google_maps
Cuts factory barbershop,"Barbier · bloc C, N° 383
Ouvert · Ferme à 02:00",Agadir,0695059175,+212695059175,,5.0,114,,,90,Barbershop,OPERATIONAL,2026-06-29T13:37:45.769874,google_maps
BARBER DE LUXE,"Barbier · CC2X+CCQ
Ouvert · Ferme à 00:00",Agadir,0606247429,+212606247429,,4.9,188,,,90,Barbershop,OPERATIONAL,2026-06-29T13:37:45.769912,google_maps
AVIATOR Salon | Barber Shop & Salon de Coiffure Homme à Agadir,"Barbier · Boulevard Al Mahdi Ben Abboud
Ouvert · Ferme à 22:00",Agadir,0528326364,0528326364,https://aviator.ma/,4.9,58,,,100,Barbershop,OPERATIONAL,2026-06-29T13:37:45.769939,google_maps
COMPTOIR DE L’HOMME,"Barbier · Immeuble Frères, 02 Rue de l'Hôtel de Ville
Ouvert · Ferme à 21:00",Agadir,0725068439,+212725068439,,4.9,96,,,90,Barbershop,OPERATIONAL,2026-06-29T13:37:45.769962,google_maps
Aura barber shop,"Barbier · Hay mohamadi
Ouvert · Ferme à 23:00",Agadir,0609020364,+212609020364,,5.0,43,,,85,Barbershop,OPERATIONAL,2026-06-29T13:37:45.769986,google_maps
Yes Fashion Barber House ( service coiffeur a domicile ),"Salon de coiffure · 9FR3+PVH
Ouvert · Ferme à 23:00",Agadir,0628460070,+212628460070,,5.0,525,,,90,Barbershop,OPERATIONAL,2026-06-29T13:37:45.770005,google_maps
Salon de coiffure homme Agadir Barber Houcine,"Salon de coiffure ·  · 58 Rue Omar bnou Al khattab
Ouvert · Ferme à 00:00",Agadir,0666130210,+212666130210,,4.9,30,,,85,Barbershop,OPERATIONAL,2026-06-29T13:37:45.770029,google_maps
RM Deluxe Barber,"Barbier ·  · Jet Sakan, Rsd Tafoukt 1
Ouvert · Ferme à 01:00",Agadir,0724477716,+212724477716,,5.0,43,,,85,Barbershop,OPERATIONAL,2026-06-29T13:37:45.770054,google_maps
ELITE BARBER 115,"Barbier · Rue Akhsass
Ouvert · Ferme à 00:00",Agadir,0624991501,+212624991501,,5.0,32,,,85,Barbershop,OPERATIONAL,2026-06-29T13:37:45.770076,google_maps
Salon de coiffure agadir صالون حلاقة أكادير Barber Shop 04,"Salon de coiffure ·  · Rue 103
Ouvert · Ferme à 23:00",Agadir,0636885899,+212636885899,,4.9,70,,,90,Barbershop,OPERATIONAL,2026-06-29T13:37:45.770109,google_maps
Barbershop Pregasquad,"Barbier · Nasr 3
Ouvert 24h/24",Agadir,0767656644,+212767656644,,4.8,24,,,85,Barbershop,OPERATIONAL,2026-06-29T13:37:45.770136,google_maps
"Salon Allure Agadir - Hair, Gel Manucure, Skin care, Hydrafacial & Barber","Salon de coiffure ·  · Green Plus، Immeuble Borj، Boulevard Casablanca
Ouvert · Ferme à 22:00",Agadir,0602010167,+212602010167,http://instagram.com/allureagadir,4.6,1310,,,100,Barbershop,OPERATIONAL,2026-06-29T13:37:45.770160,google_maps
"Salon Mondial agadir ,Coiffure hommes et femmes .Esthétique. Anglerie .Hammam marocain","Salon de coiffure · Place Aït Souss, Av. Hassan II
Ouvert · Ferme à 20:00",Agadir,0723151015,+212723151015,,4.4,93,,,90,Barbershop,OPERATIONAL,2026-06-29T13:37:45.770191,google_maps
By joe Agadir,"Salon de coiffure ·  · Immeuble Sarour, Boulevard Mohammed Cheikh Saadi
Ouvert · Ferme à 21:00",Agadir,0666343465,+212666343465,,4.7,114,,,90,Barbershop,OPERATIONAL,2026-06-29T13:37:45.770254,google_maps
IMAGIN'HAIR,"Barbier · N130
Ouvert · Ferme à 02:30",Agadir,0618958010,+212618958010,,4.5,217,,,90,Barbershop,OPERATIONAL,2026-06-29T13:37:45.770285,google_maps
Le Prestige - Beauty style,"Salon de coiffure ·  · Beauty style, hotel mabrouk, Boulevard du 20 Aout
Ouvert · Ferme à 23:00",Agadir,0643460398,+212643460398,http://www.facebook.com/leprestigeagadir,4.2,306,,,100,Barbershop,OPERATIONAL,2026-06-29T13:37:45.770306,google_maps
English CoiFF,"Barbier · 80000
Ouvert 24h/24",Agadir,0663066331,+212663066331,,4.7,152,,,90,Barbershop,OPERATIONAL,2026-06-29T13:37:45.770331,google_maps
Moon barbershop,"Salon de coiffure ·  · &, Magasin RDC N°7 Angle Bd Yacoub El Mansor, Rue D
Ouvert · Ferme à 23:30",Meknes,07015398276500,+2127015398276500,https://www.instagram.com/moonbarber.mk,4.9,58,,,100,Barbershop,OPERATIONAL,2026-06-29T13:37:45.770353,google_maps
The barber company,"Barbier · Youssefbougrara94@gmail.com
Ouvert · Ferme à 23:00",Meknes,0634496539,+212634496539,,5.0,10,,,82,Barbershop,OPERATIONAL,2026-06-29T13:37:45.770377,google_maps
BarberShop Meknes City - Hamria,"Barbier · 3, Résidence Al Ghofrane, Mag N 1 avenue des forces armées royale
Ouvert · Ferme à 22:00",Meknes,0622105939,+212622105939,https://www.instagram.com/p/Ccb5T9OqrQ-/?igshid=YmMyMTA2M2Y=,4.5,119,,,100,Barbershop,OPERATIONAL,2026-06-29T13:37:45.770413,google_maps
Pirate barbershop,"Salon de coiffure · N, 85 Av. des F.A.R
Ouvert · Ferme à 22:00",Meknes,0587001384903,0587001384903,https://www.instagram.com/pirate_barber_shop?igsh=MXFka2E1azJ4N2xmbw==,4.9,108,,,100,Barbershop,OPERATIONAL,2026-06-29T13:37:45.775307,google_maps
JOKER BARBERSHOP,"Barbier · Résidence ismailia En face, Webhelp, imm 22 Rue Sebou
Ouvert · Ferme à 00:30",Meknes,067707216657,+21267707216657,,4.9,173,,,90,Barbershop,OPERATIONAL,2026-06-29T13:37:45.775433,google_maps
Barber Zone meknes city🇲🇦📍,"Barbier · WF33+6C5، Rue Al Wahhabi'Ali Ben Jilali
Ouvert · Ferme à 22:00",Meknes,0614355554,+212614355554,https://www.instagram.com/barber_zone_meknescity?igsh=MTl6YWhrYWhzZ3o4bg==,5.0,17,,,92,Barbershop,OPERATIONAL,2026-06-29T13:37:45.775461,google_maps
Barber 212 Meknes City,"Salon de coiffure · Rue Keifa 1
Ouvert · Ferme à 22:00",Meknes,0678218159,+212678218159,https://linktr.ee/212.Barber,5.0,13,,,92,Barbershop,OPERATIONAL,2026-06-29T13:37:45.775531,google_maps
The Barber Shop HK,"Salon de coiffure · VFW4+3QC
Ouvert · Ferme à 00:00",Meknes,0600769689,+212600769689,,4.6,25,,,85,Barbershop,OPERATIONAL,2026-06-29T13:37:45.775563,google_maps
BARBER KING,"Salon de coiffure · 6
Ouvert · Ferme à 23:00",Meknes,0669604734,+212669604734,,5.0,22,,,85,Barbershop,OPERATIONAL,2026-06-29T13:37:45.775601,google_maps
Ô Barbershop 2,"Salon de coiffure · Meknes N2 NAKHIL5 BLOCA
Ouvert · Ferme à 23:00",Meknes,0661064415,+212661064415,,5.0,41,,,85,Barbershop,OPERATIONAL,2026-06-29T13:37:45.775626,google_maps
Barber Zahouani,"Barbier · VCWC+87H El wifak, Barber Zahouani
Ouvert 24h/24",Meknes,0660136271,+212660136271,https://www.instagram.com/barber_zahouani/profilecard/?igsh=ZTAwazA3bG14N28x,4.9,13,,,92,Barbershop,OPERATIONAL,2026-06-29T13:37:45.775647,google_maps
Bogssni barber Meknes,"Salon de coiffure ·  · IM 43 MAG 5 LOTIS HAFIDA
Ouvert · Ferme à 00:00",Meknes,0668413711,+212668413711,,4.3,51,,,90,Barbershop,OPERATIONAL,2026-06-29T13:37:45.775672,google_maps
Nabil Barber,"Barbier · 5
Ouvert · Ferme à 23:00",Meknes,050417233739,050417233739,https://www.facebook.com/profile.php?id=100050417233739&mibextid=ZbWKwL,5.0,18,,,92,Barbershop,OPERATIONAL,2026-06-29T13:37:45.775698,google_maps
Thè royal Barber,"Barbier · VC9J+99V، Unnamed Road
Ouvert · Ferme à 23:00",Meknes,,,,5.0,13,,,62,Barbershop,OPERATIONAL,2026-06-29T13:37:45.775717,google_maps
BARBER SHARPCUT,"Barbier · WF34+29J
Ouvert · Ferme à 22:00",Meknes,0773420666259,+212773420666259,https://www.instagram.com/barber.sharpcutmeknes?igsh=MXcwcjF2OHV0aTN1OQ%3D%3D&utm_source=qr,5.0,22,,,95,Barbershop,OPERATIONAL,2026-06-29T13:37:45.775739,google_maps
Luxury hair salon,"Barbier ·  · VC8J+MV2, Unnamed Road
Ouvert 24h/24",Meknes,069204302595,+21269204302595,,5.0,18,,,82,Barbershop,OPERATIONAL,2026-06-29T13:37:45.775762,google_maps
Med barber shop,"Barbier · N 1039
Ouvert · Ferme à 23:00",Meknes,0585773242273,0585773242273,,4.7,15,,,82,Barbershop,OPERATIONAL,2026-06-29T13:37:45.775784,google_maps
Barber Alilal,"Barbier · VC8Q+R3Q, Unnamed Road
Ouvert · Ferme à 00:00",Meknes,0601843927,+212601843927,,5.0,23,,,85,Barbershop,OPERATIONAL,2026-06-29T13:37:45.775803,google_maps
bogssni arjouk,"Barbier · Avenue Mohammed VI
Ouvert · Ferme à 00:00",Meknes,0535470500,0535470500,,4.1,61,,,90,Barbershop,OPERATIONAL,2026-06-29T13:37:45.775824,google_maps
MESTARI BEAUTE,"Salon de coiffure ·  · Rue London
Ouvert · Ferme à 20:00",Meknes,0535527725,0535527725,https://salon.mestaribeaute.com/,4.9,240,,,100,Barbershop,OPERATIONAL,2026-06-29T13:37:45.775843,google_maps
Salon De Coiffure Homme,"Salon de coiffure
Ouvert · Ferme à 22:00",Meknes,0715828033,+212715828033,,2.8,4,,,70,Barbershop,OPERATIONAL,2026-06-29T13:37:45.775865,google_maps
Salon Espace Signature,"Salon de coiffure · Résidence au printemps, Rue de Tunis
Ouvert · Ferme à 00:00",Meknes,0532800801,0532800801,,4.5,99,,,90,Barbershop,OPERATIONAL,2026-06-29T13:37:45.775881,google_maps
Maison LM,"Salon de coiffure · Villa n 50 elmontazah 2 ait ouallal, Meknès 50000
Ouvert · Ferme à 20:30",Meknes,0613317514,+212613317514,https://www.instagram.com/maison_lm_?igsh=MXZidDM0bTZzN24wNg%3D%3D&utm_source=qr,4.2,78,,,100,Barbershop,OPERATIONAL,2026-06-29T13:37:45.775900,google_maps
Salon De Coiffure Hommes et Enfant Chez Khalid,"Salon de coiffure · WF25+F7Q
Ouvert · Ferme à 14:00 · Rouvre à 16:00",Meknes,0663690838,+212663690838,,4.3,51,,,90,Barbershop,OPERATIONAL,2026-06-29T13:37:45.775925,google_maps
Salon al Ainaya صالون العناية,"Institut de beauté · Rue 7 hey el wahda
Ouvert · Ferme à 22:00",Meknes,0756826775887,+212756826775887,,4.7,184,,,90,Barbershop,OPERATIONAL,2026-06-29T13:37:45.775947,google_maps
Salon Rhiz Beauty Meknes,"Salon de coiffure · no 22, residence moukhtara, Rue Kenitra
Ouvert · Ferme à 21:00",Meknes,0619233676,+212619233676,https://www.instagram.com/salon_rhiz_beauty/,4.3,54,,,100,Barbershop,OPERATIONAL,2026-06-29T13:37:45.775973,google_maps
salon au soin de soi,"Salon de coiffure ·  · 306 MAG:6 RIAD ISMAILIA
Ouvert · Ferme à 22:30",Meknes,0659322241,+212659322241,,4.5,51,,,90,Barbershop,OPERATIONAL,2026-06-29T13:37:45.775996,google_maps
Le Salon Vert,"Salon de coiffure · Unnamed Road
Ouvert · Ferme à 23:00",Meknes,0638115980,+212638115980,,4.6,43,,,85,Barbershop,OPERATIONAL,2026-06-29T13:37:45.776017,google_maps
Green Barber Meknes,"Salon de coiffure · VF68+2X2
Ouvert · Ferme à 00:00",Meknes,0698834212,+212698834212,https://www.instagram.com/simolakhdar0/profilecard/?igsh=dGpiZ2ExMWR2ZHk3,4.9,37,,,95,Barbershop,OPERATIONAL,2026-06-29T13:37:45.776040,google_maps
Mia bella,"Salon de coiffure · RCWR+V7J el mountazah 1 à côte de atacadao
Ouvert · Ferme à 22:00",Meknes,0694101923,+212694101923,https://www.instagram.com/mia.bellaa2?igsh=eXBzcDlpaTJkZzF0,4.9,57,,,100,Barbershop,OPERATIONAL,2026-06-29T13:37:45.776151,google_maps
Barber Top,"Barbier ·  · n°37, Lot zine abidine angle res mohammadia 1 mag
Ouvert 24h/24",Meknes,0660601718,+212660601718,,4.1,22,,,85,Barbershop,OPERATIONAL,2026-06-29T13:37:45.776208,google_maps
The Luxury Barbershop,"Salon de coiffure · NR 18, JNANE AISSAOUI, Av. Yacoub Al Mansour
Ouvert · Ferme à 23:00",Oujda,0616187836,+212616187836,https://www.beautyshopsvip.com/services,4.7,170,,,100,Barbershop,OPERATIONAL,2026-06-29T13:37:45.776246,google_maps
Barber Studio,"Barbier · N, 25 Boulevard Zerktouni
Ouvert · Ferme à 22:00",Oujda,0611445453,+212611445453,,4.4,16,,,82,Barbershop,OPERATIONAL,2026-06-29T13:37:45.776268,google_maps
golden king Barbershop,"Barbier · NR 38, RABIE 5, LOT IRIS, Boulevard Oum Rabia
Ouvert · Ferme à 22:00",Oujda,06618847584782,+2126618847584782,https://instagram.com/_golden_king_48?igshid=MzRlODBiNWFlZA==,5.0,37,,,95,Barbershop,OPERATIONAL,2026-06-29T13:37:45.776287,google_maps
Montana barbershop,"Barbier · a côté café mouloudia, P1
Ouvert · Ferme à 23:00",Oujda,06368085428183,+2126368085428183,,4.0,55,,,90,Barbershop,OPERATIONAL,2026-06-29T13:37:45.776312,google_maps
TERANGA Barbershop,"Salon de coiffure · Rue Moulouya 33
Ouvert · Ferme à 22:00",Oujda,0610129889,+212610129889,,4.1,20,,,85,Barbershop,OPERATIONAL,2026-06-29T13:37:45.776330,google_maps
BARBER oujda 48,"Barbier · M4Q8+69W, Saiss St
Ouvert · Ferme à 22:00",Oujda,07567412702359,+2127567412702359,,5.0,6,,,82,Barbershop,OPERATIONAL,2026-06-29T13:37:45.776349,google_maps
Barberman abdel massage,"Salon de coiffure · Hey el mohamadi
Fermé · Ouvre à 10:00 mar.",Oujda,0603464303,+212603464303,,5.0,58,,,90,Barbershop,OPERATIONAL,2026-06-29T13:37:45.776367,google_maps
Jalal Barber,"Salon de coiffure · N 209, hay khaloufi, Rue 1
Fermé · Ouvre à 10:30 mar.",Oujda,0609745046,+212609745046,https://jalalbarber.com/,5.0,140,,,100,Barbershop,OPERATIONAL,2026-06-29T13:37:45.776391,google_maps
Mirage salon de coiffure-oujda,"Barbier · Rue de fes, N1010
Ouvert · Ferme à 21:00",Oujda,0667021178,+212667021178,,5.0,1,,,80,Barbershop,OPERATIONAL,2026-06-29T13:37:45.776416,google_maps
Barber Shop Monaco,"Salon de coiffure · M433+VFP
Ouvert · Ferme à 23:45",Oujda,0642549407,+212642549407,,4.2,27,,,85,Barbershop,OPERATIONAL,2026-06-29T13:37:45.776433,google_maps
Barber IMAD,"Barbier · Rue de Chatila
Ouvert · Ferme à 00:00",Oujda,0651041330,+212651041330,,5.0,6,,,82,Barbershop,OPERATIONAL,2026-06-29T13:37:45.777912,google_maps
Candice coiffure spa femme / barbershop48 côté homme,"Salon de coiffure · P36H+89Q
Ouvert · Ferme à 20:00",Oujda,0652316649,+212652316649,,4.7,237,,,90,Barbershop,OPERATIONAL,2026-06-29T13:37:45.777980,google_maps
Barber Ayoub,"Barbier · M3J8+FCX Hay si lakhdar
Fermé · Ouvre à 11:30 mar.",Oujda,0714582755,+212714582755,,5.0,2,,,80,Barbershop,OPERATIONAL,2026-06-29T13:37:45.778038,google_maps
Barber Shop Nero,"Barbier · Unnamed Road
Ouvert · Ferme à 21:00",Oujda,0608149193,+212608149193,,4.7,6,,,82,Barbershop,OPERATIONAL,2026-06-29T13:37:45.778067,google_maps
Coiffeur New Style Men,"Salon de coiffure ·  · Bloc D2 N2, Imb Riad El Badie, Bd Allal Al Fassi
Ouvert · Ferme à 22:00",Oujda,0666831968,+212666831968,http://www.instagram.com/newstyleoujda/,4.4,89,,,100,Barbershop,OPERATIONAL,2026-06-29T13:37:45.778092,google_maps
The Barber Hemmed Ben,"Salon de coiffure · 60000 Rue Casablanca
Ouvert 24h/24",Oujda,0635422519,+212635422519,http://www.hemmedben.com/,4.9,65,,,100,Barbershop,OPERATIONAL,2026-06-29T13:37:45.778121,google_maps
Barber shop Marzouki 💈,"Barbier · M396+FX7
Fermé · Ouvre à 00:00 mar.",Oujda,0627205467,+212627205467,https://www.instagram.com/barber._mk48_?igsh=MXBwaHUwOXI0NXEyeQ%3D%3D&utm_source=qr,5.0,1,,,90,Barbershop,OPERATIONAL,2026-06-29T13:37:45.778147,google_maps
Barber Shop,"Barbier · Bostan 1
Ouvert · Ferme à 23:30",Oujda,0661451785,+212661451785,,5.0,2,,,80,Barbershop,OPERATIONAL,2026-06-29T13:37:45.778223,google_maps
BARBERSHOP MOUCHIH,"Barbier · M4F5+J36
Ouvert · Ferme à 23:00",Oujda,0650939299,+212650939299,,,,,,70,Barbershop,OPERATIONAL,2026-06-29T13:37:45.778252,google_maps
BARBER SHOP NABIL,"Salon de coiffure · M3GR+2FQ, Rue Jakarta
Ouvert · Ferme à 00:00",Oujda,0776283544,+212776283544,,5.0,1,,,80,Barbershop,OPERATIONAL,2026-06-29T13:37:45.778277,google_maps
Salon de coiffure CAPITANO,"Salon de coiffure · M4W8+C3V, Bd mokhtari abderrahmane
Ouvert · Ferme à 22:00",Oujda,0708087850,+212708087850,,4.9,97,,,90,Barbershop,OPERATIONAL,2026-06-29T13:37:45.778303,google_maps
Salon de coiffure pour hommes,"Salon de coiffure · M3JC+X9
Ouvert · Ferme à 23:30",Oujda,0688421498,+212688421498,,3.0,2,,,75,Barbershop,OPERATIONAL,2026-06-29T13:37:45.778334,google_maps
Salon de Coiffure King Hair,"Barbier
Ouvert · Ferme à 23:30",Oujda,0601567189,+212601567189,,4.5,19,,,82,Barbershop,OPERATIONAL,2026-06-29T13:37:45.778360,google_maps
"Salon de Coiffure ""Qods"" Pour Homme","Barbier · M36X+8R3
Fermé · Ouvre à 15:30",Oujda,0672883373,+212672883373,,4.6,47,,,85,Barbershop,OPERATIONAL,2026-06-29T13:37:45.778385,google_maps
Abdu_hairstyle : Coiffure & Ésthétique,"Salon de coiffure · 34 Bd Allal Al Fassi
Ouvert · Ferme à 22:00",Oujda,0663274099,+212663274099,,5.0,199,,,90,Barbershop,OPERATIONAL,2026-06-29T13:37:45.778409,google_maps
Salon Cimi,"Salon de coiffure · 
Ouvert · Ferme à 00:00",Oujda,0630168251,+212630168251,,4.4,40,,,85,Barbershop,OPERATIONAL,2026-06-29T13:37:45.778431,google_maps
La belle,"Salon de coiffure · رقم 124, شارع محمد الخامس
Ouvert · Ferme à 20:30",Oujda,0637712840,+212637712840,,5.0,46,,,85,Barbershop,OPERATIONAL,2026-06-29T13:37:45.778455,google_maps
Salon Avignon BarberShop,"Salon de coiffure · M4Q7+MG2 Mousquée Mostafa
Fermé · Ouvre à 10:00 mar.",Oujda,0601736970,+212601736970,,4.7,12,,,82,Barbershop,OPERATIONAL,2026-06-29T13:37:45.778480,google_maps
Shine Beauty House,"Salon de coiffure · 32 Av. Yacoub Al Mansour
Ouvert · Ferme à 20:30",Oujda,0696827697,+212696827697,,4.3,116,,,90,Barbershop,OPERATIONAL,2026-06-29T13:37:45.778503,google_maps
Revive Beauté,"Salon de coiffure · Boulevard Mohammed derfoufi immeuble colisié1 ere Étage numéro un
Ouvert · Ferme à 19:30",Oujda,0536705477,0536705477,https://instagram.com/salon.revive1?igshid=1jvxguvywi8bw,4.6,151,,,100,Barbershop,OPERATIONAL,2026-06-29T13:37:45.778525,google_maps
Le Marly Coiffure Esthétique,"Salon de coiffure · 60000
Ouvert 24h/24",Oujda,0707188609,+212707188609,,4.6,25,,,85,Barbershop,OPERATIONAL,2026-06-29T13:37:45.778554,google_maps
Salon golden hair pour femme,"Institut de beauté · شارع الأمم المتحدة
Ouvert · Ferme à 21:00",Oujda,0628478924,+212628478924,https://www.tiktok.com/@goldenhair662?_t=ZM-8xal9aZRcSE&_r=1,4.9,114,,,100,Barbershop,OPERATIONAL,2026-06-29T13:37:45.778610,google_maps
Coiffeur Newyork Homme,"Salon de coiffure · M34W+GJ3
Ouvert · Ferme à 22:00",Oujda,0706030533,+212706030533,,5.0,3,,,80,Barbershop,OPERATIONAL,2026-06-29T13:37:45.778639,google_maps
Remontada48 coiffure,"Barbier · Rte Tayret
Ouvert · Ferme à 22:00",Oujda,0641288424,+212641288424,,4.8,22,,,85,Barbershop,OPERATIONAL,2026-06-29T13:37:45.778678,google_maps
BARBER ZRIGA 48,"Salon de coiffure · M3G7+8R5
Fermé · Ouvre à 10:00 mar.",Oujda,06367715143408,+2126367715143408,,5.0,16,,,82,Barbershop,OPERATIONAL,2026-06-29T13:37:45.778698,google_maps
Barbershop - Coiffeur pour homme The Classic barber,"Salon de coiffure ·  · bureau n°2, residence Sofia, 32 Rue Hassan Ibn Tabit
Ouvert · Ferme à 23:30",Kenitra,0699683542,+212699683542,https://bit.ly/TheClassicBarberShop,4.9,238,,,100,Barbershop,OPERATIONAL,2026-06-29T13:37:45.778721,google_maps
RH American Barber,"Salon de coiffure · Residences ines
Ouvert · Ferme à 22:30",Kenitra,07299004590322,+2127299004590322,https://instagram.com/ossama.rh1?igshid=MjEwN2IyYWYwYw==,4.9,178,,,100,Barbershop,OPERATIONAL,2026-06-29T13:37:45.779173,google_maps
Five Stars Barbershop,"Barbier · Résidence Kaoutar, Mag 7 Avenue Abou Bakr Essadik
Ouvert · Ferme à 23:00",Kenitra,0712943531,+212712943531,https://www.instagram.com/5stars.barbershop,4.2,43,,,95,Barbershop,OPERATIONAL,2026-06-29T13:37:45.779966,google_maps
La Signature Barbershop Kenitra,"Salon de coiffure · 33 Rue Moulay Abdellah
Ouvert · Ferme à 22:00",Kenitra,0537366986,0537366986,,5.0,3,,,80,Barbershop,OPERATIONAL,2026-06-29T13:37:45.780037,google_maps
Black Moustache The Barber Shop,"Salon de coiffure ·  · 193 D extension
Ouvert · Ferme à 22:00",Kenitra,07586310581458,+2127586310581458,https://www.instagram.com/black_moustache_?igsh=bm55Y2EzYTE2ZGp2&utm_source=qr,4.7,139,,,100,Barbershop,OPERATIONAL,2026-06-29T13:37:45.780067,google_maps
Barber 750,"Barbier · N 8, Magasin, Angle le roi houcine, Rue N° 1
Ouvert · Ferme à 23:30",Kenitra,0797235658115,+212797235658115,http://wa.me/212620712397,5.0,76,,,100,Barbershop,OPERATIONAL,2026-06-29T13:37:45.780161,google_maps
Vogue Barber shop,"Barbier · edahbi magasin 1, 33 Rue Mansour Dahbi
Ouvert · Ferme à 23:00",Kenitra,0703158990,+212703158990,https://www.instagram.com/vogue__barbershop_kenitra/tagged/?__pwa=1,4.8,48,,,95,Barbershop,OPERATIONAL,2026-06-29T13:37:45.780192,google_maps
Wiki Barber,"Salon de coiffure · la ville
Ouvert · Ferme à 23:30",Kenitra,0694546773,+212694546773,,5.0,52,,,90,Barbershop,OPERATIONAL,2026-06-29T13:37:45.780231,google_maps
BarBaros Kénitra حلاق القنيطرة Barber shop,"Salon de coiffure · N49
Ouvert · Ferme à 21:00",Kenitra,0606222441,+212606222441,https://dii.ma/barbaros.kenitra,5.0,47,,,95,Barbershop,OPERATIONAL,2026-06-29T13:37:45.780254,google_maps
Barber Bourcha - Coiffeur pour homme,"Barbier · Abdelaziz, Avenue Mly, Kissarya Moulay Abdelaziz
Ouvert · Ferme à 02:00",Kenitra,0682467823,+212682467823,,5.0,11,,,82,Barbershop,OPERATIONAL,2026-06-29T13:37:45.780278,google_maps
EST barbershop,"Barbier · 798H+GX8
Ouvert · Ferme à 20:00",Kenitra,0680837523,+212680837523,,4.6,13,,,82,Barbershop,OPERATIONAL,2026-06-29T13:37:45.780299,google_maps
barbershop Valhala,"Barbier ·  · nr 5, Nassim bahr bir rami rue 185&529 bloc a1, magasin
Ouvert · Ferme à 23:00",Kenitra,0655576107,+212655576107,https://valhala.ma/menu/,5.0,1,,,90,Barbershop,OPERATIONAL,2026-06-29T13:37:45.780378,google_maps
Barber shop,"Salon de coiffure · 7C64+743, Rue Mustafa Rifai
Ouvert · Ferme à 00:00",Kenitra,0659253319,+212659253319,,4.1,15,,,82,Barbershop,OPERATIONAL,2026-06-29T13:37:45.780420,google_maps
BRIGHT STAR BARBER,"Salon de coiffure · 69MP+GXF
Ouvert · Ferme à 00:00",Kenitra,05578832989329,05578832989329,,5.0,11,,,82,Barbershop,OPERATIONAL,2026-06-29T13:37:45.815441,google_maps
Barber Cosmos,"Barbier · N 20, jardat l9adi, Rue N 315
Ouvert · Ferme à 00:00",Kenitra,0706597274,+212706597274,,5.0,2,,,80,Barbershop,OPERATIONAL,2026-06-29T13:37:45.815543,google_maps
THE ONE Premium Barber,"Barbier · 7C56+XR9, Avenue Moulay Abdelaziz
Ouvert 24h/24",Kenitra,07709520875673,+2127709520875673,,4.4,7,,,82,Barbershop,OPERATIONAL,2026-06-29T13:37:45.815572,google_maps
BARBER GREEN 1997,"Barbier · saknia, Rue 05 N06
Ouvert · Ferme à 22:30",Kenitra,0666195040,+212666195040,,5.0,3,,,80,Barbershop,OPERATIONAL,2026-06-29T13:37:45.815594,google_maps
Barber shop akram,"Salon de coiffure · n 17 saknia, Groupe najah
Ouvert · Ferme à 00:00",Kenitra,0640899797,+212640899797,,5.0,2,,,80,Barbershop,OPERATIONAL,2026-06-29T13:37:45.815613,google_maps
BARBER FOR MEN,"Barbier · 7CG3+9MH
Ouvert 24h/24",Kenitra,,,,5.0,3,,,60,Barbershop,OPERATIONAL,2026-06-29T13:37:45.815630,google_maps
Brooklyn Barber-shop/Coiffeur,"Salon de coiffure ·  · Quartier Maamora, résidence marrakech magasin N5
Ouvert · Ferme à 23:00",Kenitra,0537307385,0537307385,https://facebook.com/@brooklynbbshop,3.9,24,,,90,Barbershop,OPERATIONAL,2026-06-29T13:37:45.815651,google_maps
Salon Abdelhanin de Coiffure Hommes,"Salon de coiffure · 69VP+FWJ
Ouvert · Ferme à 22:00",Kenitra,0652535454,+212652535454,,4.7,27,,,85,Barbershop,OPERATIONAL,2026-06-29T13:37:45.815680,google_maps
Le Siège,"Salon de coiffure · Rue Hamman el Fatouki
Ouvert · Ferme à 22:00",Kenitra,0537372578,0537372578,https://www.instagram.com/le_siege_kenitra,4.9,67,,,100,Barbershop,OPERATIONAL,2026-06-29T13:37:45.815699,google_maps
Barber Shop pour Hommes,"Salon de coiffure ·  · Lot. Alliance Darna Kasbat
Ouvert · Ferme à 23:00",Kenitra,07378359657037,+2127378359657037,,4.1,12,,,82,Barbershop,OPERATIONAL,2026-06-29T13:37:45.815721,google_maps
Best Salon For Men,"Institut de beauté · 7C48+VVW, Av. Moulay Abderrahmane
Ouvert · Ferme à 21:00",Kenitra,0537373125,0537373125,,3.5,17,,,77,Barbershop,OPERATIONAL,2026-06-29T13:37:45.815743,google_maps
Coiffeur homme,"Salon de coiffure · 796H+798
Ouvert · Ferme à 22:10",Kenitra,0770401471,+212770401471,,4.8,4,,,80,Barbershop,OPERATIONAL,2026-06-29T13:37:45.815763,google_maps
Salon abdelhadi de coiffure hommes,"Barbier · Lotissement elhaddada num 1361
Ouvert · Ferme à 21:30",Kenitra,0614018409,+212614018409,,4.6,8,,,82,Barbershop,OPERATIONAL,2026-06-29T13:37:45.815781,google_maps
GOLD GLAM BEAUTY CENTER,"Salon de coiffure · bureau n 1, Résidence walili, bloc B Rue Sebou
Ouvert · Ferme à 20:00",Kenitra,0720203644,+212720203644,https://www.facebook.com/profile.php?id=61552690633736,4.6,98,,,100,Barbershop,OPERATIONAL,2026-06-29T13:37:45.815801,google_maps
Glam by nora,"Salon de coiffure · V N° 557 BUREAU N °1, Av. Mohamed Diouri
Ouvert · Ferme à 20:00",Kenitra,0661375167,+212661375167,https://www.instagram.com/glam_by_nora?igsh=ZnYxZnpwMDVyODlp,4.0,24,,,95,Barbershop,OPERATIONAL,2026-06-29T13:37:45.815824,google_maps
Salon de coiffure pour homme,"Résidence · 799C+GQ5
Ouvert · Ferme à 20:00",Kenitra,0706666524,+212706666524,,4.0,2,,,80,Barbershop,OPERATIONAL,2026-06-29T13:37:45.815847,google_maps
Her crown beauté,"Salon de coiffure · 4 Av. Mohamed El Qori
Ouvert · Ferme à 02:00",Kenitra,0701179429,+212701179429,https://instagram.com/hercrownbeautycenter?utm_medium=copy_link,4.8,214,,,100,Barbershop,OPERATIONAL,2026-06-29T13:37:45.815867,google_maps
S.m.r.beauty,"Salon de coiffure · الحاج منصور
Ouvert · Ferme à 21:00",Kenitra,06370153900576,+2126370153900576,,4.4,25,,,85,Barbershop,OPERATIONAL,2026-06-29T13:37:45.815893,google_maps
Salon de coiffure MIMOSA,"Salon de coiffure · Av. Moulay Abdelazziz, Rue Kourd Ali
Ouvert · Ferme à 23:00",Kenitra,07667955109113,+2127667955109113,,5.0,37,,,85,Barbershop,OPERATIONAL,2026-06-29T13:37:45.815916,google_maps
💈Relax barber💈 Men,"Barbier · Boulevard Mohamed Aztout 90070
Ouvert · Ferme à 22:00",Tetouan,0530355930,0530355930,https://www.fresha.com/book-now/relax-barber-jagf0ap0/all-offer?share=true&pId=2588095,4.9,87,,,100,Barbershop,OPERATIONAL,2026-06-29T13:37:45.815937,google_maps
Neeg Ziati Barber Shop,"Barbier · N, Salim 1, 7 Av. Ali Yaeta
Ouvert · Ferme à 23:30",Tetouan,0666719233,+212666719233,https://www.fresha.com/a/neeg-ziati-tetouan-neeg-ziati-barbershop-rue-ali-yaata-oee4xt8z,4.6,56,,,100,Barbershop,OPERATIONAL,2026-06-29T13:37:45.815964,google_maps
said benaid barber shop,"Barbier · HJCF+QHG قيسارية الوحدة, شارع الوحدة
Ouvert · Ferme à 23:00",Tetouan,0671611888,+212671611888,,4.9,61,,,90,Barbershop,OPERATIONAL,2026-06-29T13:37:45.815987,google_maps
Dos Amigos Barberia,"Salon de coiffure · 22 Av. Seville
Ouvert · Ferme à 23:00",Tetouan,0539724371,0539724371,,4.9,210,,,90,Barbershop,OPERATIONAL,2026-06-29T13:37:45.816009,google_maps
Moustache Barber - (Hijama),"Salon de coiffure · Av. Cordoba
Ouvert · Ferme à 22:00",Tetouan,0626732341,+212626732341,https://www.instagram.com/moustache.barber44?igsh=ZmtzYmM4dTFobGc3,4.9,91,,,100,Barbershop,OPERATIONAL,2026-06-29T13:37:45.816027,google_maps
BARBER SHOP MOUSSA,"Barbier · HJGW+FC2, Av. Thami Ouazzani
Ouvert · Ferme à 23:00",Tetouan,0539995018,0539995018,,4.9,76,,,90,Barbershop,OPERATIONAL,2026-06-29T13:37:45.816048,google_maps
Style street barber,"Barbier · HMP2+J4J, Av. Jbel Tidghine
Ouvert · Ferme à 23:00",Tetouan,0634951745,+212634951745,,5.0,6,,,82,Barbershop,OPERATIONAL,2026-06-29T13:37:45.816069,google_maps
RIVER BARBER,"Salon de coiffure · Av. 9 Avril
Ouvert · Ferme à 22:00",Tetouan,0539716516,0539716516,,4.5,15,,,82,Barbershop,OPERATIONAL,2026-06-29T13:37:45.816087,google_maps
Soufian allal,"Barbier ·  · 24 Av. Ghourghiz
Ouvert · Ferme à 22:00",Tetouan,0677352425,+212677352425,https://www.soufianallal.com/,4.9,246,,,100,Barbershop,OPERATIONAL,2026-06-29T13:37:45.816107,google_maps
Barber House,"Barbier · Av. Allal Al Fassi
Ouvert · Ferme à 23:30",Tetouan,0608626095,+212608626095,https://wa.me/212608626095,5.0,4,,,90,Barbershop,OPERATIONAL,2026-06-29T13:37:45.816127,google_maps
anas barber,"Barbier · HJPX+4M6, Av. Jbel Tidghine
Ouvert · Ferme à 23:00",Tetouan,0706742584,+212706742584,,5.0,16,,,82,Barbershop,OPERATIONAL,2026-06-29T13:37:45.816147,google_maps
Adil Barbershop,"Salon de coiffure · 101 Av. Abdelkhalek Torres
Ouvert · Ferme à 20:00",Tetouan,0678089815,+212678089815,,4.7,3,,,80,Barbershop,OPERATIONAL,2026-06-29T13:37:45.816166,google_maps
Younes Barber Shop,"Barbier · Av. El Hajeb
Ouvert · Ferme à 00:00",Tetouan,0670868411,+212670868411,,5.0,15,,,82,Barbershop,OPERATIONAL,2026-06-29T13:37:45.816184,google_maps
Ghali Barber,"Salon de coiffure
Ouvert · Ferme à 22:00",Tetouan,0677512048,+212677512048,,4.7,17,,,82,Barbershop,OPERATIONAL,2026-06-29T13:37:45.816202,google_maps
Barbershop Reda,"Salon de coiffure · 93000
Ouvert · Ferme à 22:00",Tetouan,07375656626820,+2127375656626820,,5.0,14,,,82,Barbershop,OPERATIONAL,2026-06-29T13:37:45.816222,google_maps
Barbershop Sante Pour Tous,"Barbier · nr 9, Avenue Mohamed Kharraz, Place 14 Aout
Ouvert · Ferme à 00:00",Tetouan,07829559122722,+2127829559122722,,5.0,13,,,82,Barbershop,OPERATIONAL,2026-06-29T13:37:45.816239,google_maps
NBC BARBERSHOP MARTIL,"Barbier
Ouvert · Ferme à 23:00",Tetouan,0626875842,+212626875842,https://www.instagram.com/s/aGlnaGxpZ2h0OjE3OTg2NjMwMzA3OTI3NDg4?igsh=MXZxMG4zdHF3YW9yMg==,5.0,13,,,92,Barbershop,OPERATIONAL,2026-06-29T13:37:45.816258,google_maps
"Salon Layachi Pour Hommes : Coiffure, Rasage, Soin & Gommage","Salon de coiffure ·  · Av. Jbel Tidghine
Ouvert · Ferme à 23:00",Tetouan,0539720965,0539720965,,4.4,73,,,90,Barbershop,OPERATIONAL,2026-06-29T13:37:45.816279,google_maps
Barber Raouad - Meilleur Coiffeur Martil,"Salon de coiffure · Av. Fes
Ouvert · Ferme à 04:00",Tetouan,0643677205,+212643677205,https://youtube.com/@raouadbarbershop,4.8,44,,,95,Barbershop,OPERATIONAL,2026-06-29T13:37:45.816301,google_maps
Tijeras de Oro,"Barbier · Av Med, Av. Mohamed Daoud
Ouvert · Ferme à 22:00",Tetouan,0642261635,+212642261635,,5.0,10,,,82,Barbershop,OPERATIONAL,2026-06-29T13:37:45.834239,google_maps
Coiffeur_l’homme,"Salon de coiffure
Ouvert · Ferme à 23:00",Tetouan,0645497110,+212645497110,,5.0,42,,,85,Barbershop,OPERATIONAL,2026-06-29T13:37:45.834303,google_maps
Salon Modelo de Coiffure & Ésthetique,"Salon de coiffure · LOCAL N 3, 279 Av. Kaboul
Ouvert · Ferme à 23:00",Tetouan,0539990245,0539990245,,4.7,98,,,90,Barbershop,OPERATIONAL,2026-06-29T13:37:45.834355,google_maps
Beauty Center iSmael : Hair & Spa,"Salon de coiffure ·  · 94 Av. Le Caire
Ouvert · Ferme à 19:00",Tetouan,0539990162,0539990162,https://chezismael.ma/contact/,4.2,337,,,100,Barbershop,OPERATIONAL,2026-06-29T13:37:45.834380,google_maps
Salon M Tetouan,"Salon de coiffure · ZKT Daraa 18, Av. Mohamed Daoud
Ouvert · Ferme à 20:30",Tetouan,0668645209,+212668645209,https://instagram.com/salon_m_tetouan?igshid=OGQ5ZDc2ODk2ZA==,5.0,43,,,95,Barbershop,OPERATIONAL,2026-06-29T13:37:45.834402,google_maps
Coiffure salon nakhil,"Barbier · 14 Av. Oued Oum Rabia
Ouvert · Ferme à 20:30",Tetouan,0662311925,+212662311925,https://www.facebook.com/%D8%B5%D8%A7%D9%84%D9%88%D9%86-%D8%A7%D9%84%D9%86%D8%AE%D9%8A%D9%84-%D9%84%D9%84%D8%B1%D8%AC%D8%A7%D9%84-1664571630478035/,4.8,27,,,95,Barbershop,OPERATIONAL,2026-06-29T13:37:45.834451,google_maps
Salon Victory VIP,Salon de coiffure · wilaya 93000,Tetouan,0661540323,+212661540323,,4.9,40,,,85,Barbershop,OPERATIONAL,2026-06-29T13:37:45.834479,google_maps
Brin d'Élégance,"Salon de coiffure ·  · Brin d'élégance، 9
Ouvert · Ferme à 19:30",Tetouan,0539997616,0539997616,,4.5,158,,,90,Barbershop,OPERATIONAL,2026-06-29T13:37:45.834497,google_maps
La casa de barber,"Salon de coiffure · رقم 8, زنقة درسة, شارع الشيخ بالعربي العلوي, Rue Al Hanae
Ouvert · Ferme à 23:00",Tetouan,0637905585,+212637905585,,5.0,33,,,85,Barbershop,OPERATIONAL,2026-06-29T13:37:45.834515,google_maps
Salon ElKahan Barber,"Salon de coiffure ·  · N 32, Hay Aghrass Av Bani Hozmar
Ouvert · Ferme à 23:00",Tetouan,0659549463,+212659549463,http://www.makler.ma/,4.9,54,,,100,Barbershop,OPERATIONAL,2026-06-29T13:37:45.834535,google_maps
Coiffeur Homme,"Salon de coiffure · HJJR+CFC, Av. Sidi Mohamed Al Kharaz
Ouvert · Ferme à 21:55",Tetouan,0642686437,+212642686437,,4.2,5,,,82,Barbershop,OPERATIONAL,2026-06-29T13:37:45.834566,google_maps
